[{"model": "api.category", "pk": 1, "fields": {"name": "iPhone Cases", "subtitle": "Premium protection for Apple's finest.", "description": "", "slug": "iphone-cases", "image": "categories/case_1.png", "theme_color": "#ffffff", "display_order": 1, "is_active": true, "created_at": "2026-05-19T08:14:57.414Z", "updated_at": "2026-05-19T08:16:01.208Z"}}, {"model": "api.category", "pk": 2, "fields": {"name": "Android Cases", "subtitle": "Engineered for every Android flagship.", "description": "", "slug": "android-cases", "image": "categories/OIP_1_qVR3DYt.jpg", "theme_color": "#ffffff", "display_order": 2, "is_active": true, "created_at": "2026-05-19T08:14:57.414Z", "updated_at": "2026-05-19T08:14:57.424Z"}}, {"model": "api.category", "pk": 3, "fields": {"name": "Accessories", "subtitle": "Complete your setup with premium add-ons.", "description": "", "slug": "accessories", "image": "categories/OIP_1.jpg", "theme_color": "#ffffff", "display_order": 3, "is_active": true, "created_at": "2026-05-19T08:14:57.414Z", "updated_at": "2026-05-19T08:14:57.424Z"}}, {"model": "api.category", "pk": 4, "fields": {"name": "phone", "subtitle": "", "description": "", "slug": "phone", "image": "categories/cropped_image.webp", "theme_color": "#ffffff", "display_order": 4, "is_active": true, "created_at": "2026-05-19T08:21:00.132Z", "updated_at": "2026-05-19T08:27:06.269Z"}}, {"model": "api.product", "pk": 6, "fields": {"title": "iphone 13pro", "slug": "iphone-13pro", "category": 1, "price": "200.00", "discount_price": "100.00", "stock": 10, "is_hot": true, "is_new": false, "new_badge_date": null, "is_limited": false, "is_sold_out": false, "is_active": true, "display_order": 0, "theme_color": "#7B2EFF", "enquiry_count": 0, "short_description": "thstdrjhrs", "full_description": "jtjsjsrj", "features": "sgh", "material": "arman", "compatibility": "13 pro", "created_at": "2026-05-16T13:26:49.692Z", "updated_at": "2026-05-17T01:43:34.697Z"}}, {"model": "api.product", "pk": 7, "fields": {"title": "iphone 12 promax", "slug": "iphone-12-promax", "category": 1, "price": "500.00", "discount_price": "350.00", "stock": 10, "is_hot": true, "is_new": true, "new_badge_date": null, "is_limited": true, "is_sold_out": true, "is_active": true, "display_order": 0, "theme_color": "#7B2EFF", "enquiry_count": 0, "short_description": "asggs", "full_description": "rgsdrhgrzdhrhz", "features": "agsregarhgr", "material": "arman", "compatibility": "13 pro", "created_at": "2026-05-16T13:27:47.548Z", "updated_at": "2026-05-17T01:43:46.009Z"}}, {"model": "api.product", "pk": 8, "fields": {"title": "s34 ultra", "slug": "s34-ultra", "category": 2, "price": "300.00", "discount_price": "200.00", "stock": 10, "is_hot": true, "is_new": false, "new_badge_date": null, "is_limited": false, "is_sold_out": false, "is_active": true, "display_order": 0, "theme_color": "#7B2EFF", "enquiry_count": 0, "short_description": "gcndfggn", "full_description": "fxdhbdrfxhbfz", "features": "shsth", "material": "arman", "compatibility": "13 pro", "created_at": "2026-05-16T13:29:06.274Z", "updated_at": "2026-05-16T13:39:02.685Z"}}, {"model": "api.product", "pk": 9, "fields": {"title": "s26 ultra", "slug": "s26-ultra", "category": 2, "price": "700.00", "discount_price": "600.00", "stock": 10, "is_hot": true, "is_new": false, "new_badge_date": null, "is_limited": false, "is_sold_out": false, "is_active": true, "display_order": 0, "theme_color": "#7B2EFF", "enquiry_count": 0, "short_description": "rahdrh", "full_description": "arhseheahreh", "features": "sehaerhser", "material": "lether", "compatibility": "", "created_at": "2026-05-16T13:30:05.105Z", "updated_at": "2026-05-16T15:33:07.925Z"}}, {"model": "api.product", "pk": 10, "fields": {"title": "mag  safe", "slug": "mag-safe", "category": 3, "price": "2000.00", "discount_price": "1700.00", "stock": 10, "is_hot": true, "is_new": false, "new_badge_date": null, "is_limited": false, "is_sold_out": false, "is_active": true, "display_order": 0, "theme_color": "#7B2EFF", "enquiry_count": 0, "short_description": "dfhtthjdsa", "full_description": "hrasdherahaerhrearhar", "features": "haerhaerhah", "material": "", "compatibility": "", "created_at": "2026-05-16T13:32:14.491Z", "updated_at": "2026-05-17T01:43:30.120Z"}}, {"model": "api.product", "pk": 11, "fields": {"title": "iphone", "slug": "iphone", "category": 1, "price": "1000.00", "discount_price": "500.00", "stock": 10, "is_hot": true, "is_new": true, "new_badge_date": null, "is_limited": false, "is_sold_out": false, "is_active": true, "display_order": 0, "theme_color": "#7B2EFF", "enquiry_count": 0, "short_description": "fykyfy", "full_description": "jrdtuftjd", "features": "rtyjdfjfdjftj", "material": "", "compatibility": "", "created_at": "2026-05-16T13:41:13.251Z", "updated_at": "2026-05-16T15:32:58.279Z"}}, {"model": "api.product", "pk": 12, "fields": {"title": "---------", "slug": "11111", "category": 2, "price": "323.00", "discount_price": "333.00", "stock": -1, "is_hot": false, "is_new": true, "new_badge_date": "2026-05-18T13:43:27.451Z", "is_limited": false, "is_sold_out": false, "is_active": true, "display_order": 0, "theme_color": "#6b6c6f", "enquiry_count": 0, "short_description": "11", "full_description": "1111", "features": "111111", "material": "1111", "compatibility": "1111", "created_at": "2026-05-18T13:43:27.451Z", "updated_at": "2026-05-18T13:44:15.341Z"}}, {"model": "api.productimage", "pk": 9, "fields": {"product": 6, "image": "products/cropped_image.webp", "is_main": true, "display_order": 0}}, {"model": "api.productimage", "pk": 10, "fields": {"product": 6, "image": "products/cropped_image_YbGFOOb.webp", "is_main": false, "display_order": 1}}, {"model": "api.productimage", "pk": 11, "fields": {"product": 6, "image": "products/cropped_image_RwRgG85.webp", "is_main": false, "display_order": 2}}, {"model": "api.productimage", "pk": 12, "fields": {"product": 6, "image": "products/cropped_image_lAWNWkq.webp", "is_main": false, "display_order": 3}}, {"model": "api.productimage", "pk": 13, "fields": {"product": 7, "image": "products/cropped_image_NwHSWo2.webp", "is_main": true, "display_order": 0}}, {"model": "api.productimage", "pk": 14, "fields": {"product": 7, "image": "products/cropped_image_jonoAcO.webp", "is_main": false, "display_order": 1}}, {"model": "api.productimage", "pk": 15, "fields": {"product": 7, "image": "products/cropped_image_Bt6v1i5.webp", "is_main": false, "display_order": 2}}, {"model": "api.productimage", "pk": 16, "fields": {"product": 7, "image": "products/cropped_image_duQnyOU.webp", "is_main": false, "display_order": 3}}, {"model": "api.productimage", "pk": 17, "fields": {"product": 8, "image": "products/cropped_image_WQStDtL.webp", "is_main": true, "display_order": 0}}, {"model": "api.productimage", "pk": 18, "fields": {"product": 8, "image": "products/cropped_image_Gn2cg9v.webp", "is_main": false, "display_order": 1}}, {"model": "api.productimage", "pk": 19, "fields": {"product": 8, "image": "products/cropped_image_VQnBeMs.webp", "is_main": false, "display_order": 2}}, {"model": "api.productimage", "pk": 20, "fields": {"product": 8, "image": "products/cropped_image_MabCLKC.webp", "is_main": false, "display_order": 3}}, {"model": "api.productimage", "pk": 21, "fields": {"product": 9, "image": "products/cropped_image_YoYI2oI.webp", "is_main": true, "display_order": 0}}, {"model": "api.productimage", "pk": 22, "fields": {"product": 9, "image": "products/cropped_image_boLmv4K.webp", "is_main": false, "display_order": 1}}, {"model": "api.productimage", "pk": 23, "fields": {"product": 9, "image": "products/cropped_image_NPIQDqM.webp", "is_main": false, "display_order": 2}}, {"model": "api.productimage", "pk": 24, "fields": {"product": 9, "image": "products/cropped_image_OLDUqBn.webp", "is_main": false, "display_order": 3}}, {"model": "api.productimage", "pk": 25, "fields": {"product": 10, "image": "products/cropped_image_duRs3J4.webp", "is_main": true, "display_order": 0}}, {"model": "api.productimage", "pk": 26, "fields": {"product": 10, "image": "products/cropped_image_BzUYGWo.webp", "is_main": false, "display_order": 1}}, {"model": "api.productimage", "pk": 27, "fields": {"product": 10, "image": "products/cropped_image_BPfXxBX.webp", "is_main": false, "display_order": 2}}, {"model": "api.productimage", "pk": 28, "fields": {"product": 10, "image": "products/cropped_image_BDo6N1p.webp", "is_main": false, "display_order": 3}}, {"model": "api.productimage", "pk": 29, "fields": {"product": 11, "image": "products/cropped_image_eurvLve.webp", "is_main": true, "display_order": 0}}, {"model": "api.productimage", "pk": 31, "fields": {"product": 12, "image": "products/cropped_image_QeULyzv.webp", "is_main": false, "display_order": 1}}, {"model": "api.reel", "pk": 1, "fields": {"video": "reels/IMG_8010.MOV", "thumbnail": "", "display_order": 0, "is_active": true, "created_at": "2026-05-16T13:32:49.924Z"}}, {"model": "api.reel", "pk": 2, "fields": {"video": "reels/IMG_8012.MOV", "thumbnail": "", "display_order": 0, "is_active": true, "created_at": "2026-05-16T13:33:08.974Z"}}, {"model": "api.reel", "pk": 3, "fields": {"video": "reels/IMG_8013.MOV", "thumbnail": "", "display_order": 0, "is_active": true, "created_at": "2026-05-16T13:33:17.295Z"}}, {"model": "api.reel", "pk": 4, "fields": {"video": "reels/IMG_8014.MOV", "thumbnail": "", "display_order": 0, "is_active": true, "created_at": "2026-05-16T13:33:24.145Z"}}, {"model": "api.reel", "pk": 5, "fields": {"video": "reels/IMG_8015.MOV", "thumbnail": "", "display_order": 0, "is_active": true, "created_at": "2026-05-16T13:33:30.783Z"}}, {"model": "api.reel", "pk": 6, "fields": {"video": "reels/IMG_8016.MOV", "thumbnail": "", "display_order": 0, "is_active": true, "created_at": "2026-05-16T13:33:40.967Z"}}, {"model": "api.reel", "pk": 7, "fields": {"video": "reels/IMG_8017.MOV", "thumbnail": "", "display_order": 0, "is_active": true, "created_at": "2026-05-16T13:33:47.976Z"}}, {"model": "api.storesettings", "pk": 1, "fields": {"store_name": "--------", "email": "----@gmail.com", "phone": "+91 9876543210", "whatsapp": "+91 9745369906", "instagram": "https://instagram.com", "facebook": "https://facebook.com", "address": "123 Luxury Street, Fashion City", "business_hours": "Mon - Sat, 10:00 AM - 8:00 PM", "google_maps_embed": "", "whatsapp_enquiry_template": "Hello, I'm interested in:\nProduct: {product_name}\nPrice: {product_price}\nCan you provide more details?"}}]
